,locality
 Wagholi,431
 Hinjewadi,404
 Hadapsar,343
 Wakad,315
 Kharadi,289
 Baner,250
 Pimple Saudagar,187
 NIBM,151
 Kalyani Nagar,150
 Magarpatta,137
 Keshav Nagar,132
 Undri,132
 Aundh,130
 Dhanori,130
 Kothrud,130
 Viman Nagar,123
 Wanowrie,116
 Bavdhan,111
 Ravet,107
 Lohegaon,97
 Shankar Kalat Nagar,92
 Moshi,91
 Koregaon Park,89
 Kondhwa,85
 Pimple Gurav,84
 Punawale,83
 Balewadi,83
 Mohamadwadi,81
 Pimpri Chinchwad,78
 Eon Free Zone ,74
 Chinchwad,70
 Vishrantwadi,67
 Pimple Nilakh,65
 Phase-3 Hinjewadi ,65
 Sinhgad Road,65
 Rahatani,62
 Warje,60
 Dhayari,57
 Phursungi,57
 Thergaon,55
 Bibwewadi,55
 Narhe,52
 Tingre Nagar,50
 Chikhali,49
 Tulaja Bhawani Nagar,49
 Katraj,48
 Yerwada,46
 Handewadi,45
 Wadgaon Sheri,45
 Anand Nagar,44
 Lullanagar,44
 Kaspate Vasti,44
Kharadi,42
 Hinjewadi Phase 2,42
 Sus ,42
 Wanwadi,40
 Ambegaon Budruk,40
 Mhada Colony,40
 Karve Nagar,39
 Dange Chowk,39
Hadapsar,39
 Erandwane,36
 Hinjewadi Phase 1,36
 Pashan,35
 Sasane Nagar,34
 Vadgaon Sheri,33
 Pirangut,33
 Dighi,32
 Bhusari Colony,32
 Kondhwa Budruk,32
 Shastri Nagar,32
 Mundhwa,31
 Pisoli,31
 Akurdi,30
 Pimpri,29
 Mahalunge,29
Wadgaon Sheri,28
 Tathawade,28
 Salunke Vihar,28
 Talegaon,28
 Bhekrai Nagar,26
 Bhugaon,26
Lohegaon,25
 Ghorpadi,24
 Chakan,24
 Manjri,24
 Manjari Budruk,24
 Bopodi,23
 Madhav Nagar,23
 Talegaon Dabhade,23
 Fatima Nagar,22
 Dhankawadi,22
 Koregaon Park Annexe,22
 Yewalewadi,22
 Nigdi,21
 Marunji,21
 Warje Malwadi,20
 Vishal Nagar,20
 B.T Kawade Road,20
Kothrud,20
 Chandan Nagar,20
 Bhosari,20
Manjari Budruk,20
 Ambegaon Bk,20
Pimple Gurav,20
 Ambegaon,19
 Model Colony,19
 Sector-29 Ravet,19
Wagholi,19
 Chinchwad Gaon,19
 Ashoka Nagar,18
 Kalewadi,18
Keshav Nagar,18
 Pashan-Sus Road,17
 New Sanghvi,17
Vadgaon Sheri,17
 Shivane,17
 Sukhsagar Nagar,16
 Manjri BK,16
 Pandhari Nagar,16
 Kirkatwadi,16
 Baner Pashan Link Road,16
 Shivaji Nagar,15
 Prabhat Road,15
 Sadashiv Peth,15
 Kiwale,15
 Ubale Nagar,15
 Old Sangvi,15
 Manik Baug,15
 Clover Park,15
 Morwadi,15
 Loni Kalbhor,15
Pimpri Chinchwad,15
Dhanori,14
 Balewadi Phata,14
 Boat Club Road,14
 Rambaug Colony,14
 Laxman Nagar,14
 Kasarwadi,14
 Senapati Bapat Road,14
 Tukaram Nagar,14
 Hadapsar Gaon,14
 Charholi,14
 Thite Nagar,14
 Market yard,14
Nigdi,13
 Dahanukar Colony,13
 Sakore Nagar,13
 Wireless Colony,13
 Katraj Kondhwa Road,13
 Dhayari Phata ,13
Karve Nagar,13
 Paud Road,12
Baner,12
 Postal Colony,12
Mundhwa,12
 Ambegaon Pathar,12
 Pandhare Wasti,12
 Khandve Nagar,12
 Bhumkar Nagar,12
Chandan Nagar,11
Vishrantwadi,11
 Baner-Sus,11
 Siddartha Nagar,11
 Patil Nagar,11
Katraj,11
 Wadgaon Budruk,11
 Siddharth Nagar,11
 Somwar Peth,11
 Uruli Devachi,10
 Pradhikaran,10
 Pune Mumbai Highway,10
Thite Nagar,10
 Alandi,10
 Bhukum,10
 Ganesh Nagar,10
 Vadgaon Budruk,10
 Bhairav Nagar,10
New Sanghvi,10
 Sangamvadi,10
Wakad,10
 Somnath Nagar,10
 Kutwal Colony,10
 Dehu Road,10
 Munjaba Vasti,10
 Bekrai Nagar,9
 Kate Wasti,9
 Bhunde Vasti,9
 Salisbury Park,9
 Wakadkar Wasti,9
 Gadital,9
Bhosari,9
 Meera Nagar,9
 Abasaheb Raikar Nagar,8
 Shaniwar Peth,8
Aundh,8
 Gahunje,8
 Shahunagar,8
Dhankawadi,8
 Balaji Nagar,8
Tingre Nagar,8
 North Hadapsar,8
 Pingale Wasti,8
 Bharati Vidyapeeth,8
 Bhosale Nagar,8
 Sanewadi,8
Kalewadi,8
 Rasta Peth,8
 Vishnu Dev Nagar,8
 Nagar Road,8
 Shukravar Peth,8
 Dattanagar,8
 Sopan Baug,8
 Tilekar Nagar,8
 Maan,7
 Khadki,7
 Kalewadi Phata,7
 Kalyani Nagar Annexe,7
 Nere,7
 Somatne Phata,7
Kalyani Nagar,7
Akurdi,7
 Mayur Colony,7
Sasane Nagar,7
 Shewalewadi,7
 Yamuna Nagar,7
 Sainikwadi,7
 Narayan Peth,7
 Camp,7
Phursungi,7
 Kashid Park,6
Warje,6
Bavdhan,6
 Someshwarwadi,6
 Sainath Nagar,6
Bhairav Nagar,6
 Somatane,6
Ghorpadi,6
 Kale Padal,6
 WAKAD,6
 Hingne Khurd,6
 Autadwadi Handewadi,6
 Satav Nagar,6
 Nandel Fata,6
 Bund Garden,6
 Dapodi,6
Pashan,6
 Gujarat Colony,6
 Aundh Gaon,6
 Amanora town ship,6
 Gokul Nagar,6
Kalwad Wasti,6
 Adarsh Nagar,5
 Mohan Nagar,5
 Kad Nagar,5
 Ambedkar Nagar,5
 Mhasoba Nagar,5
Gokhale Nagar,5
 Wageshwar Nagar,5
 Shinde Vasti,5
Thergaon,5
 Rakshak Nagar,5
 Mahadev Nagar,5
 Mahalunge Ingale,5
 Sector No-26 Pradhikaran,5
Kondhwa Budruk,5
 Parkhe Vasti,5
 Vallabh Nagar,5
 Kesnand,5
 Pune,5
Sukhsagar Nagar,5
Manjri,5
 Swatantrya Sainik Nagar,5
 Navi Peth,5
Dighi,5
Gokul Nagar,5
 Giridhar Nagar,5
 Satar Nagar,5
Tukai Darshan,5
Undri,5
Sainath Nagar,5
Marunji,5
 Ramkrishna Paramhans Nagar,5
 Dattawadi,5
 Nimbaj Nagar,5
 Kalas Area,5
 Khese Park,5
Somnath Nagar,5
Adarsh Colony,5
Viman Nagar,5
 Raghavendra Nagar,5
 Nandini Takle Nagar,5
 Sathe Nagar,4
 Digambar Nagar,4
Magarpatta,4
 Kalas,4
 Wadmukhwadi,4
 Walhekarwadi,4
Tilekar Nagar,4
Dattawadi,4
 Ashok Nagar,4
 Bhelkenagar,4
 Shivtirth Nagar,4
Koregaon Park,4
 Sai Nagar Park,4
Shaniwar Peth,4
 Mate Nagar,4
 Bhawani Peth,4
 Sector-6 Moshi,4
 Hanuman Nagar,4
 Mohanwadi,4
 Adarsh Colony,4
 Jaymala Nagar,4
 Sai Vittal Nagar,4
 Suryalok Nagari,4
 Erandwana Gaothan,4
 Ideal Colony,4
 Malwadi,4
Kondhwa,4
 Sant Nagar,4
 Kalepadal,4
 Vidyanagar,4
Tukaram Nagar,4
 Gondhale Nagar,4
Walhekarwadi,4
 Kasba Peth,4
Yerwada,4
 Mamurdi,4
Rahatani,4
Wanowrie,4
 Law College Road,4
Narhe,4
Dehu Road,4
 Pawana Nagar,4
Munjaba Vasti,4
 Nande,4
Laxmi Nagar,4
 Bhujbal Vasti,4
 Shikrapur,4
 Nehru Nagar,4
 Wanawari,4
 Laxmi Nagar,4
Ambegaon Pathar,4
 Sudarshan Nagar,4
 Aundh Annexe,4
 F C Road,3
 Talajai Pathar,3
Moshi,3
 Koregaon Bhima,3
 Borhade Wadi,3
 Bankar Vasti,3
 Uruli Kanchan,3
Kalewadi Phata,3
 Ram Nagar,3
 Charholi Kurd,3
 Sasane Colony,3
 Karve Road,3
Balewadi Phata,3
 Baderaj Colony,3
 Santosh Nagar,3
Kale Padal,3
 Kamgar Nagar,3
 Udyog Nagar,3
 Sahakar Nagar,3
 Shree Datta Colony,3
 Shindenagar,3
 J.M Road,3
 Jijai Nagar,3
Ravet,3
 Guruvar Peth,3
Pimple Saudagar,3
 Ambegaon Kh,3
 Tapkir Nagar,3
Old Sangvi,3
 Bhandarkar Road,3
 Veerbhadra Nagar,3
 Shanti Nagar,3
Dhayari,3
Hinjewadi,3
 Gulab Nagar,3
 Kharabwadi,3
 Vaiduwadi,3
Manjri BK,3
Ghorpade Peth,3
 Indrayani Nagar,3
 Nimbalkar Nagar,3
Pashan-Sus Road,3
 Vishnupuram Colony,3
 Sector No-3 Bhosari,3
 Krushna Colony,3
 Sakal Nagar,3
 New Nana Peth,3
 Wadachi Wadi,3
Ganesh Nagar,3
 Panchawati,3
 Shirgaon,3
Talegaon Dabhade,3
 Pragati Nagar,3
Daund,3
B.T Kawade Road,3
Warje Malwadi,3
 Sahu Colony,3
 Mamta Nagar,3
Ambegaon,3
 Maji Sainik Nagar,3
 Sutarwadi,3
 Nanded,3
 Fursungi Gaon,3
Vighnaharta Nagar,3
Salisbury Park,3
 Tilekar Vasti,3
 Pratik Nagar,3
 Mangalwar Peth,3
 Sector-16 Chikhali,3
 Mahadeonagar,3
 Talawade,3
Shivane,3
 Kedari Nagar,3
Camp,3
 Lokmanya Nagar,3
 Chintamani Nagar,3
 Bhagwan Nagar,3
Sant Tukaram Nagar,3
Pimple Nilakh,3
 Sector No-4 Moshi,3
 Gokul Colony,3
Raghoba Patil Nagar,3
 Hingne Budrukh,3
 Charholi Budruk,3
 Alandi Road,3
Bijlinagar,3
 Kashinath Patil Nagar,3
Katraj Kondhwa Road,3
 MIDC,3
 Vitthal Nagar,3
 karvenagar,3
Mhada Colony,3
Chinchwad,3
Malwadi,3
Khese Park,3
 Kasar Amboli,3
,3
Eon Free Zone ,3
 Laxmi-Narayan Nagar,3
 Dashrath Nagar,3
Sinhgad Road,3
 Kirtane Baugh,3
Vishal Nagar,3
Sant Nagar,3
 Padmavati,3
 Jambhulwadi,3
 Shitole Nagar,3
 Karpe Nagar,3
 Kirti Nagar,2
 Raghoba Patil Nagar,2
Wanawari,2
 Kashid Nagar,2
 Chandrabhaga Nagar,2
Parande Nagar,2
Ganga Nagar,2
 Nakhate Vasti,2
 Wadki,2
 Pura Bhandari Colony,2
Kiwale,2
 Kanifnath Colony,2
Kasarwadi,2
Paud Road,2
 pimple gurav,2
 Kavde Nagar,2
 Swami Samarth Nagar,2
 Kemse Vasti,2
 Anand Park,2
 ICS Colony,2
 katraj,2
 aundh,2
 Koregaon Mul,2
 Vikas Nagar,2
Fatima Nagar,2
 Rajaram Patil Nagar,2
 Hadapsar Indutrial Estate,2
 Mukund Nagar,2
Sadashiv Peth,2
Kharalwadi,2
 Gokhale Nagar,2
Vadgaon Budruk,2
 Vighnaharta Nagar,2
Varsha Park Society,2
 Bhausaheb Kalate Nagar,2
 Jarande Nagar,2
 Pune  Bibwewadi,2
 Deccan Gymkhana,2
 Sector-25 Pradhikaran,2
 Sangvi,2
Ubale Nagar,2
 Bibwewadi Annex,2
 Shivneri Nagar,2
 Sanghvi,2
 Dangat Patil Nagar,2
 Saibaba Nagar,2
 Mandai,2
Bekrai Nagar,2
 Kharalwadi,2
 Eknath Pathare Vasti,2
Samarth Colony,2
 Baramati,2
Indrayani Nagar Sector 2,2
 Varale,2
 Bakhori,2
Parvati Paytha,2
 Chovisawadi,2
 Sai Nagar,2
 Airport Road,2
 Pune Nagar Road,2
 Jambhul,2
Model Colony,2
 keshav nagar,2
 Dhole Patil Road,2
 Ranjangaon,2
 Gangarde Nagar,2
 Wakdewadi,2
 Kondhawe Dhawade,2
 Perugate,2
 Telco Colony,2
 Balaji Uddyam Nagar,2
Keshav Nagar Chinchwad,2
 Subhash Nagar,2
 Panmala,2
 Niranjan Park,2
Bhugaon,2
 Tadiwala Road,2
Fursungi Gaon,2
 Phugewadi,2
 Renuka Nagar,2
 Ingawale Nagar,2
 Dhayri,2
 Pandurang Colony,2
Jadhav Nagar,2
 Ganesh Peth,2
Madhav Nagar,2
 Yashoda Colony,2
 Mumbai-Bangalore Highway,2
Sus ,2
 Lonikand,2
Handewadi,2
 Kunj Colony,2
 Bopkhel,2
Mahalunge,2
 Uday Baug,2
 Samarth Colony,2
 Kanhe,2
 Handewadi Road,2
 Defence Area,2
Shivaji Nagar,2
 Nigade Nagar,2
Bopkhel,2
 Borade Vasti,2
Kedari Nagar,2
 Vinayak Nagar,2
 Madhuban Society,2
Kalepadal,2
 Parvati Gaon,2
 Sadhu Vaswani Nagar,2
 Sector No-27A Pradhikaran,2
 Kalwad Wasti,2
 Purnanagar,2
 Phulenagar,2
 Parvati Darshan,2
 Bhagyoday Nagar,2
 Bhageerath,2
 Sade Satra Nali,2
 wadgaon sheri,2
 Happy Colony,2
Bhekrai Nagar,2
 Mangdewadi,2
Jambhulwadi,2
 Shani Nagar,2
 wadgaonsheri,2
 Indira Nagar,2
Mohamadwadi,2
 Vittalvadi,2
 Newale Wasti,2
Taware Colony,2
Sainikwadi,2
 Vadgaon,2
 Sai Colony,2
Pradhikaran,2
 Gandhi Peth,2
Chikhali,2
 Papde Wasti,2
 Guru Nanak Nagar,2
 Chaudhari Park,2
Sudarshan Nagar,2
 Swar Gate,2
 Azad Nagar,2
 Tanaji Nagar,2
Phase-3 Hinjewadi ,2
 Nanded City,2
Mhasoba Nagar,2
 Chaitanya Nagar,2
 Sanaswadi,2
 Meeta Nagar,2
 Parande Nagar,2
 Pune-Satara Road,2
 Pune Station,2
Kesnand,2
Somatne Phata,2
 Parvati Paytha,2
 Aundh Road,2
 Nighoje,2
 jadhav park building,1
Srno.25/7  Nanded Phata,1
 kranti Park,1
 Ganganagar  Phursungi.,1
 Koregaon Park Lane 7,1
 Azadnagar Kothrud Pune,1
Awhalwadi,1
 Sitaphal Baug Colony,1
 Shridharnagar,1
 Shriram Nagar,1
 Bibvewadi,1
 Anthon Nagar,1
 Shatrunjay Nagar,1
Pathare Wasti,1
 Indrayani Colony ,1
 Sus Road,1
 near joglekar nursery,1
 pawna nagar pimplegurav,1
Law College Road,1
Mohanwadi,1
 Nibm,1
 Karegaon,1
 dattanagar Dighi,1
Pune.,1
 Near Alphonso High School,1
 Kanchan Nagari,1
 Sainik Nagar,1
 Pride World City,1
Ashtapur,1
 jadhav rao industrial estate,1
 Prabhat Nagar,1
Shukrawar Peth,1
 gulamali nagar ,1
 PIMPLE GURAV,1
Talegaon,1
 narhe,1
 nagrur road aundh,1
 rever residency ph 3 dehu alandi road chikhali moshi pimpri chinchwad,1
 Dhayarigoan,1
 Hadapsar sasane nagar,1
 manjari rd,1
 Marutirao Gaikwad Nagar ,1
Satavwadi,1
 Walvekar Nagar,1
 Shrikrushna Colony,1
 Silverwoods Koregaon Park,1
 Wagholi  Bakori Road,1
 Lohgaon Dhanori Road,1
Alandi,1
 Keshav Nagar Chinchwad,1
 Bebadohal,1
gatha mandir,1
Rasta Peth,1
 pune,1
 Mahadev nagar HADAPSAR,1
 Uravade,1
 sr.no31/1,1
Lane no 11 sr no 64/3,1
 hadapsar  Pune,1
Ramnagar Bavdhan,1
 Yearwada,1
 naylor road,1
 Behind Bharati Vidhyapeeth Katraj,1
 Jambhe,1
 Lohegaon-dhanori road,1
 Gopalpatti  Hadapsar,1
Deshmukhwadi,1
 Shankar Nagar,1
J.M Road,1
 Wadgaon Sheri  Opp Viman Nagar,1
 Dulya Maruti Temple,1
 kothrud depo,1
 bt kawade toad,1
Talajai Pathar,1
 sathe wasti,1
 suvarnyoug colony,1
 Mane Wasti,1
 lohegoan,1
 Bank of maharashtra atm,1
 Jagtap Dairy,1
 om super market,1
 pimplegurav,1
 jagtap dairy vishal nagar pune ,1
 Loni,1
Sanghvi,1
 Pune sholapur Road Opp Fatima Nagar,1
 Awhalwadi,1
 Kolhewadi,1
 Armut,1
 Madhuban Colony,1
Morwadi,1
mauli Nagar,1
 Moghul Garden Society Koregaon Park,1
Walvekar Nagar,1
 warje,1
 Dhanori Jakat Naka,1
 Pathare Wasti,1
 Behind : Bharati Vidyapith,1
 Dhanori   Dhanori lohegaon road,1
 Wakad Annexe,1
gawade park ,1
Gurukupa colony,1
Sahakar Nagar,1
 Sasane nagar,1
 Manjari Khurd,1
 Abhinav Nagar,1
 Shukrwar Peth,1
 Hingane Mala,1
Ashoka Nagar,1
 Mahada Project,1
 Keshav Nagar mundhwa,1
tilekar nagar kondhwa bk ganpati templ near lan nu 4,1
Thite Nagar kharadi,1
 Aboli Villa,1
 Navshydri,1
 pune  NIBM,1
Alandi Road Bhosari,1
 Manjari,1
 Survey No 15,1
 Near Dhanori police station ,1
 Dnyaneshwar Nagar,1
 baner road,1
Bhusari Colony,1
vikas chowk,1
 Bibwewadi Kondhwa road,1
 marvel citrine,1
 Hinjewadi phase 3,1
Chinchwad Gaon,1
 pune hadpsar manjari,1
 Salunke Vhar Road,1
 Wagholi  Oxy Villa,1
Aasara lane no D opp shubham mangal karyalay,1
 Pune Station Road,1
 Chinchwad Ruston Colony,1
 Chaitanyanagar,1
 Vishal Nagar pimple Nilakh,1
 near H D F C Bank lane,1
Narayan Peth,1
 Rupeenagar Talwade,1
 vadgoansheri   Anandpark,1
 BhekraiNagar,1
 Somantne Phata,1
 Sadaphuli park,1
 Shaniwar peth,1
 Rahatani Nakhate Vasti,1
 Hadapsar Near Magar Patta City,1
 Near Omkar mitramandal,1
 Pawar nagar,1
 Near JSPM college,1
 Pimple saudagar,1
Sanjay Park,1
Sarita Vihar,1
 kharadi road,1
 Ghorpadi gaon  BT kawade Road,1
Mangalwar Peth,1
 Shreenath Nagar,1
 Kondhwa Budruk Tilekar nagar,1
 Udyog nagar,1
 MIDC Chinchwad,1
 Suresh Nagar,1
 Jyotiba Nagar,1
keshav Nagar Chinchwadgaon,1
 Prasad Nagar,1
 Swami Vivekanand Nagar,1
 Aadarsh Nagar,1
 apla ghar sanaswadi dingrajwadi kalyani forge pune maharashtra,1
link road,1
 Warje Malwadi Pune,1
 7 Star City Marunji Road Hinjewadi,1
 Anand nagar,1
MohammadWadi,1
 Shiraswadi,1
 Shiv Nagar,1
 Upper Indira Nagar,1
 Talegaon Dhamdhere,1
 Chakan MIDC,1
Shikrapur,1
 Ganesh Nager,1
 Maurya Vihar,1
 rajiv gandhi infotec park hinjewadi,1
 Adinath Colony,1
 Sinhagad road Manikbag,1
 Near Kunal Hotel,1
 Punyainagar,1
 Pimple Gurav bus stop,1
Manjari Khurd,1
 bhairavnagar dhanori rd ,1
 Wakad  Pimpri Chinchwad,1
 Marvel Crest Koregaon Park,1
Dinker pathare wasti lane no. 8,1
 Chinchwadgaon,1
Opp. PCMC hospital,1
 Prajakta Housing Scty,1
Veerbhadra Nagar,1
 MIT college,1
 Punvale Bazar,1
 Shedge Vasti,1
  Sadhunana Tupe Vasti,1
 Choudhari Vasti Kharadi,1
 Bharti Vidyapeeth,1
 Pawna Nagar,1
fursungi,1
 Anand Park Wadgaonsheri,1
Maji Sainik Nagar,1
 Satavwadi,1
 Arihant apartment dighi pune,1
 Kalbhor Nagar,1
 Power House,1
 Bibvewadi Kondhwa Road,1
 Near Dahanukar circle,1
Rajiv Gandhi Nagar,1
majri bk.,1
 Runwal park,1
60 feet road  ramkhrishna mangal karyalay,1
Near Sinhagad collage vadgowon,1
 Near Kool Homes   Mohammadwadi,1
 Divine Home Lohagoan,1
 navnath nagar suvarna garud society,1
 gokhalenagar,1
 beside vishal heritage society,1
Yashwantrao Chavan Nagar,1
 Vintage Vista,1
 Bhurani Colony,1
 Khed,1
Kad Nagar,1
 Nehru Nagar Road,1
 Wadgaonsheri,1
yerwada,1
 Baliraj Colony,1
Laxman Nagar,1
Balewadi,1
 Behind Khadki Railway Station,1
Nimbalkar Nagar,1
 Kondhwa road,1
Postal Colony,1
 Sector-11,1
 Pandav Nagar,1
 Indrayani Nagar Sector 2,1
Pisoli,1
 Backside of Tingare Garden,1
 Bhosalenagr- Ashoknagar,1
 Bijali Nagar,1
 Vijay Nagar,1
 Shivaji Housing Co-Operative Society,1
 Ghorpade Wasti,1
Bhosale,1
 Bhairavnagar,1
 Sambhaji Nagar,1
 Sus,1
 sainagar kondhwa,1
Borate Vasti,1
 shivshambho nagar,1
Mate Nagar,1
Aundh Road,1
 Chaitanya Park,1
 patwardhan Baug,1
 Shivajinagar,1
Lane no 9,1
 Mundhawa,1
 Kalwad wasti Near Dutt Mandir,1
 Near Kothrud Depot,1
 Pirangut Near Hinjewadi Phase 3,1
Shankarseth Road,1
 D P Road,1
Rajmata Jijau Colony,1
 Santoshi Mata Nagar,1
 Aundh Pune,1
Sangamvadi,1
 sagamwadi,1
 Chandralok Nagari,1
 bharati campus dhankawadi,1
silver oak,1
 Shakti Colony,1
 kaspatewasti,1
 pcmc,1
Jawalkar Nagar,1
Siddarth Nagar-Aundh,1
 karve nagar,1
 PUNE 411016,1
 Shiv Colony  Ganesh Nagar,1
 Vitthalwadi,1
 B.T. Kawade road,1
 Kasat Nagar,1
 raykar mala road,1
 Hanuman. Nagar Mundhwa,1
 Near Rajmudra Hall Subhash Nagar,1
 Mirajkar house,1
 Dange chowk,1
 keshav Nagar,1
 at wakdewadi on mumbai pune old highway  nr New Shivaji Nagar bus stand,1
Hinjewadi Phase 2,1
 Grevillea,1
 Amnora town ship,1
 Shivnagar Chirke Colony,1
 Dighi Chaudhary park,1
 Dy patil College Rd near park vista building,1
 Shankar Seth,1
 Lohegaon.,1
 New D P Road,1
 DP Road,1
Apex Colony,1
 Samartha Colony Baner,1
 Ghotawade Phata,1
 Mhalunge-Hinjewadi,1
 Near Shrushti Coplmex,1
 Pune  Somwar Peth,1
 dhankawadi,1
 Awhalwadi road,1
 Pranjali Patil Nagar,1
 ganraj estate,1
 Woods Society Koregaon Park,1
 kesnand rd,1
 Mankar Chowk,1
pune  mhlunge mhada,1
Charholi,1
 SHIVAJI HOUSING SOCIETY,1
 University Road,1
 Kadolkar colony,1
 Narayan Peth 411030,1
Dhayari Phata ,1
Vijay Nagar,1
 jai bhawani nagar,1
Rajiv Nagar North,1
 Mahamadwadi khind,1
 Bhat Nagar,1
 nawazish park society sahiyadhri park ghorpadi gaon,1
Sector No-27 Pradhikaran,1
 Sanjay Park,1
 Wadgaon sheri Ganesh Nagar Road,1
 Kharadkar Nagar,1
 Keshav Nagar  Mundhwa,1
 kothrud,1
 Opp Vidya bhavan highschool,1
 Pimpri-Chinchwad,1
 Dalvinagar,1
 near ICC Trade tower  opp hotel sahara,1
Dange Chowk,1
Munjabawasti Dhanori,1
 Jai Prakash Nagar,1
Pimpri,1
 Vadgaonsheri,1
Mahadeonagar,1
Defence Area,1
 Marvel zephyr,1
 Old sanghavi ,1
 Ganga Nagar,1
Alandi Road,1
 Pimpri Chinhawad Link Road ,1
 MOHAMMAD WADI KHIND ROAD,1
 Kesnand Theur Road,1
 Maharaja Complex Paud,1
Pawarwasti Lohegaon wagholi road,1
Sainath Nagar-Vadgaonsheri,1
 Jagdish Nagar,1
   NEAR MOZE COLLEGE GIRLS HOSTEL,1
NIBM Pune,1
 kondhwa,1
 Near Datta Mandir,1
 Yogi Park,1
 Khilarewadi,1
 Sainikwadi Wadgaon Sheri,1
 Dadachi wasti  audumbar colony,1
 bhosale village,1
Vivekanand Colony,1
 Bharti Nagar,1
 Shivaji chowk  kalas,1
 Famous chowk new sangvi,1
 Sasane Nagar Hadapsar,1
waghere Colony no.4,1
 Amanora Victory Tower,1
 Pune International Airport Area,1
 Waghela park Talegaon dabhade chakan road 410507,1
 Shankar Kalat Nagar  Wakad,1
 Jayprakash Nagar,1
 SANGAMWADI,1
 Kolawadi,1
 Vishrantwadi   Subhash Nagar,1
 B.T.Kawade Road,1
 sahwas society,1
 Sakore Nagar viman nagar,1
 Amanoara Town Ship,1
Siddheshwar Nagar,1
 Bhavani Super market,1
 Kalyani Nagar Rd,1
Sanjay Park Airport Road,1
 Near Dhareshwar Temple,1
wadgoan sheri,1
Anand Nagar,1
 Warje Malwadi Near Arya samaj mandir,1
Shastri Nagar,1
Nigade Nagar,1
Hinjewadi Phase 1,1
Munjaba Wasti,1
 Near Sunbeam Nursery,1
 Pune  Thite Nagar kharadi Pune,1
 Kasarsai,1
 Wadebolai,1
 Siddheshwar Nagar,1
Kasba Peth,1
 Nigdi Gaothan,1
 dhanori road,1
Sahakarnagar,1
 Z Corner Manjari Bk,1
 Harihareshwar,1
 Phale Nagar,1
 Matoba Nagar,1
 Near Gokul Nagar,1
 Bhekarai nagar ,1
 Apex Colony,1
Udyog Nagar,1
Netaji Nagar,1
ambegaon khurd,1
 wakad  Wakad,1
 koregaon park,1
 Dhore Nagar,1
Aundh anexe,1
 Rambaug colony,1
 Pune-411011  Somwar Peth,1
 Bijlinagar,1
 Ghorpade Peth,1
 pride world city charoli,1
 Hirai sitai mandir,1
Near Vijay sales,1
Sunita Nagar,1
Gangotri Nagar,1
 Opposite niyoshi park,1
 Phase 1,1
 Marungi road Laxmi Chowk,1
 Moshi  Pune 412105,1
Yamuna Nagar,1
Chaitanya Nagar,1
 Dive,1
 Kasurdi,1
 Khedekar Nagar,1
Chandannagar  Chandan Nagar,1
 Rajat Rashmi Lane No 5,1
 Dagadu Patel Nagar,1
 Sahyadri Park Kondhwa,1
Bhunde Vasti,1
 Near Dev krupa HP petrol pump,1
 shitala devi nagar,1
Sahu Colony,1
 keshav nagar.,1
 Pancharatna Nagar,1
 phase2,1
 lc fitness club,1
behind Bird Valley  Shahunagar,1
 Rupeenagar,1
 Dattraj Colony,1
 Samson Nagar,1
 Jyotiba Colony,1
 Katraj Lake  Katraj Kondhwa Road,1
 Kharadi Gaonthan Transformer,1
 Kharadi Road,1
Vitthal Nagar,1
 Dehu,1
 St Tukaram Nagar,1
 ELPRO Industries Ltd,1
Vadgaon Maval,1
 vadgaon budruk,1
 Vrundavan Nagar,1
 Dombi Wadi,1
 Behind D Y Patil college  Akurdi,1
 Keshavnagar.mundwa,1
 off JM Road,1
Bhausaheb Kalate Nagar,1
 Bhau patil road ,1
 Manjari Budruk  Maharashtra,1
 Tanishq building No.C D E F G co.op hsg society LTD,1
 range hill road,1
 Right Bhusari Colony,1
Wadgaon Budruk,1
 Colony no.1 shivrajnagar,1
 Kharadi ,1
Kotwalwadi,1
 nigdi,1
 Kedgaon Station,1
 Kunjir Colony,1
 KHARADI,1
 Urit Nagar,1
 Kothrud City Pride,1
 Mallik Nagar,1
 Vakil Nagar,1
narhe,1
chandrika society near chandralok hospital,1
Ganesh nagar,1
 Saswad,1
 Kaveri Nagar,1
 Old sai template chandnnagar kharadi road,1
 Chimnya Ganpati,1
 Udyognagar,1
 mundhwa,1
 Shindewadi,1
 Sangam Nagar,1
 dhayri,1
 Ambre colony,1
 Cosmopolitan Hsg. Soc.,1
 Hinjawadi phase1,1
 Shirish Tendulkar Chowk,1
pune  Pune,1
 Shikshaknagar,1
 Manajinagar Narhe,1
 Phase-3 Hinjewadi,1
 Sector No-27 Pradhikaran,1
 Samarth Residence Raykar Mala Jadav DHAYARI Pune,1
 Mangal Das Road,1
 Rajeshri Colong Mate Nagar,1
 Pune   Bharati Vidyapeeth,1
 Shiv Sai Lane,1
 Keshavnagar,1
 Nair Colony,1
 Kale Colony,1
Phulenagar,1
 Nana Peth,1
 Mauli Nagar,1
 Anand Park Nagar,1
Madhukunj panchwati pashan,1
 Nanekarwadi,1
 Tingrenagar lane no 14,1
Sukhsagarnagar,1
 pune 14,1
 Opposite Coloumbia Asia Hospital,1
 Jawakar Nagar,1
 Laxmi Vihar,1
Bibwewadi Annex,1
Link Road  chinchwad,1
 Sakore nagar Vimannagar,1
 shukrawar peth Pune,1
 Talegaon Dabhade Yashwantnagar,1
 Vatan Nagar,1
 Lonkar chowk,1
 Wadegaon,1
 Paud Gaon,1
 Mental Hospital Corner,1
 kakewadi phata,1
 Camp Pune,1
behind sadhna society  Gadital,1
 Kumthekar road,1
 New Mahada Colony,1
 Gaikwad Nagar,1
 Sindhi Colony,1
 Undri Chowk,1
lohegaon,1
 anand nagar,1
Dhanori Jakat Naka,1
 Dapodi  Dapodi,1
Vallabh Nagar,1
 Tapkir Mala Chowk  Kalewadi,1
Near St.Jos  Lohegaon,1
 BALEWADI  PATIL NAGAR,1
 pimple saudagar,1
 shinde nagar Old sangvi,1
Viman Nagar -Pune 14  Viman Nagar,1
 JSPM ROAD,1
Yewalewadi,1
 Opposite Indira School,1
 Swaraj Nagari,1
 Utkarsh society,1
 Baliraj Colony  Baliraj Colony,1
 Lane 1,1
 Adarsh Nagar Colony,1
 Rambagh Colony,1
 Patrakar Nagar,1
MALHAR HEIGHTS WAGHOLI,1
 SP Biryani,1
 Near Lotus Hospital,1
 Jambhulkar Mala,1
 Sopan Nagar,1
 Near Wadgaon Budruk Busstop,1
Raje Shivaji Nagar,1
 Pushpa Park Road ,1
 Anandnager,1
 Tukai Darshan,1
 Sant nagar wagholi road lohegaon,1
Dream City,1
 p s villa socket manjari hadpasr,1
 Ganga Park Near Passport Office,1
Kalas Area,1
 triveninagar,1
Mukund Nagar,1
 Kothrud more vidyalay,1
Nadhe Nagar,1
vadgao Bid,1
 Kharadi Bypass,1
 Near Thopate Lawns,1
 Laxmi chowk ,1
 Shrikrishna housing society ,1
 Hadapsar Phursungi,1
Chinchwad Morayaraj Park,1
 Near City Bus U turn point,1
 sai balaji enclave kharadi,1
 Baliraj Colony Rahatni,1
Shivtej Nagar,1
 Dudhane Nagar,1
 Vedacharya Phatak Guruji marg,1
 NIBM Annex,1
 Ganesh Nagar Wadgaosheri,1
 Model colony gokhalenagar,1
 Rahatni,1
Sathe Nagar,1
plot no 18A wadachiwadi road,1
 Bhumkar Chowk,1
 Uttamnagar,1
vadgaonsheri,1
 Venkatesh Lake Life,1
 Kolwadi,1
Khradi Choudhari Wasti,1
 Kale Padal Hadapsar,1
 Handevadi,1
Sanewadi,1
 New Sangvi,1
 Wakad Kaspate Road,1
 kondhwa budruk,1
hadapsar pune,1
 Tukai Nagar,1
 Swargate,1
 Pashan  Panchawati,1
 Pandav Nagar Hinjawadi phase1,1
 Kranti Nagar,1
 shahu colony,1
 DP Road Hadapsar,1
Rakshak Nagar,1
Vikas Nagar,1
 Kala Khadak,1
 Padmavati mandir,1
 Tathvade Udyan,1
Bharat Mata Nagar,1
 Viman Nagar.,1
 vithai nagar,1
 Keshav Nagar Mantria Insignia,1
 near city pride school,1
 Godbole,1
 Jawalkar Nagar,1
 Gujarat Colony kothrud,1
Jambhe,1
 Kakde City Warje,1
Sudarshan Colony No 5 Wakad,1
Pratik Nagar,1
 Hasabnis Bakhal,1
 Bharatkunj - 1,1
Giridhar Nagar,1
bramhachaitanya society,1
 South Koregaon Park,1
Behind Grampanchayat Office  Lohegaon,1
 Sainathnagar Nigdi,1
Gondhale Nagar,1
Chakan,1
 Anand Park Dhanori,1
 J. M Road,1
Khandve Nagar,1
 India,1
Samarth Nagar,1
 Lane No-2,1
Khandwe Nagar Wagholi,1
 Katey Basti,1
 Range Hill Estate,1
 gokhalenagar road,1
 Hinjawadi Laxmi Chowk,1
 Gultekadi,1
Bibwewadi Kondhwa Road,1
 Triveni nagar,1
 Kashid park,1
 Gangotri Nagar,1
 Karambhumi Nagar,1
Janwadi,1
 Karve Nagar Near Cummins Collage,1
SUKHSAGAR 1 NAGAR KATRAJ,1
 Bhilarewadi,1
Sector No-4 Moshi,1
Gaikwad Nagar,1
 Vijaynagar,1
 Shivraj Nagar,1
 Wadeshwar Nagar,1
GOKULNAGAR,1
 Chimbali,1
 New sangavi,1
 Near Ram Krishna mangal karyalaya,1
 Pune  Wakad,1
 Prati shirdi sai mandir,1
 Waraje Jakat Naka Karvenagar,1
 Seva Nagar,1
 Gujrat Colony,1
 jambe,1
 Sanmitra Colony,1
Ideal Colony,1
 Doghi Road Bhosari,1
 Nanded city,1
Karve Road,1
Sangvi,1
 Prathamesh Park,1
PUNE-19  Chinchwad,1
gaikwad Nagar punavale,1
Shiv Colony,1
 Uttam Nagar,1
 Vijay Vihar,1
Parvati Gaon,1
 krishna nagar,1
 Vasant Vihar,1
 quarter gate pune,1
 Yashwant nagar,1
 Shivaji Park,1
Kanifnath Colony,1
 adharsh nagar kiwale dehuroad,1
 Medankarwadi,1
 Rajanigandha Apts,1
Khopoli,1
 Masulkar colony Ajmera pimpri,1
 Sadasatara Nali ,1
 Rajendra Nagar,1
 Swami Samartha Nagar,1
 Gaikwad Vasti,1
 Pimpale saudagar,1
 Shaniwar Wada,1
 Preet Nagar,1
Kaspate Vasti,1
Balaji Nagar,1
vishrantwadi,1
 near shree savtamali mandir,1
 awhalwadi,1
 Dhanori Rd,1
Chinchwad   Pimpri Chinchwad,1
 Chintamani chowk,1
 Kondhwa bk,1
 Yashwant Nager,1
 Mantra Insignia,1
 Panchwati,1
 Karve nager pune,1
 Jai Bhavani Nagar,1
 Icchapurti ganpati,1
 Law Collage Road,1
 Ex Police colony wakad,1
 bhairavnagar dhanori Rd ,1
kondhwe dhawde near NDA gate in pune,1
 Bopkhel  Near Ganesh Temple,1
 Mahaganesh Colony,1
Dhanori Pune,1
 Rajiv Nagar North,1
 Mantri Angan Near Passport Office,1
 Sinhagad Road,1
 DHAYARI PUNE 411041,1
Nandini Takle Nagar,1
 Maharashtra Housing Boar,1
pandavdand road loni kalbhor,1
 Jadhav wadi/Muktsainik,1
Koregaon Park Annexe,1
Rupeenagar,1
 tushar park,1
 Macdonalds Rainbow Crossword Wagholi Pune,1
Dattawadi Akurdi,1
 Manaji Nagar,1
 Pune  Viman Nagar,1
 Punvale,1
 Flat,1
Yashwant nagar,1
 Saidham Colony,1
 Jambhulwadi Road,1
Nana Peth,1
 Jadhav Nagar,1
 Magarpatta City,1
 Maharshi Nagar,1
 bhugaon,1
 Chinchwad.  Pimpri Chinchwad,1
 Vadgaon Maval,1
Pune,1
 Kalyaninagar,1
 dattawadi,1
 Wadhwani Construction,1
 modern colony,1
Nanded,1
 mahotbha chowk  kaapate wasti,1
 Jadhav Wadi aaherwadi chowk,1
 C10,1
Anand Park Nagar,1
 Kharadi Kharpude Nagar,1
 Maharashtra Housing Board Yerwada,1
 Chandni Chowk,1
 Gokulnagar,1
 opp.t c colony,1
wagholi,1
 Dhanori Gaothan,1
Siddartha Nagar,1
 PAUD ROAD KOTHRUD,1
Papde Wasti,1
 Tingle Nagar,1
 Nagras Road,1
 Pimpri Waghwere,1
 DYPatil LOHEGAON,1
 Adarsh Nagar  Kiwale,1
 Sai Heme Medaows,1
Vadgaonsheri,1
 Pratibha Nagar,1
 Bhimashankar Nagar,1
Gurudwara Colony,1
Ashok Nagar,1
Kate Wasti,1
 Ganga Heights,1
Baner Pashan Link Road,1
 Sector No-9 Moshi,1
 Raghav Nagar,1
Wagholi pune,1
 Bibwewadi Kondhwa Road,1
 Krishna Colony,1
 Ratnadeep Colony,1
Ranjangaon,1
 Sector No-1 Bhosari,1
karvenagr,1
 Somatane Phata,1
Rupee Housing Society,1
 Sinhgad College Road,1
 Garmal,1
 behind Hardikar Hospital opp Rahul cinema Revenue colonel Shivaji Nagar,1
 Mauli Park,1
 Dhanukar Colony,1
Airport Road,1
Yeshwantnagar,1
Wadegaon,1
 Dhanakawadi Bharati Vidyapeeth,1
 Veerbhadra Nagar ,1
Rajashri Colony,1
Shindenagar,1
ganganagar main road ganganagar fursungi pune 412308,1
 Pendse Colony,1
 Hulawale Bendre vasti,1
Pune Sholapur Road,1
 Pune  Kharadi,1
 Panchod,1
 Someshwar Nagar,1
 KOTHRUD ,1
Hadapsar Gaon,1
Shreenath Nagar,1
 Phase-II,1
 Swami samarth nagar  Sathe Wasti Lohegaon,1
 Naka,1
Opp. Noble Hospital,1
 Happy Colony Kothrud  Kothrud,1
 NDA Road,1
 Janardhan nagar,1
 Near Shradha hospital keshav nagar mundhwa pune 36,1
Padmavati,1
Mamata housing society,1
 B6/202,1
   Pimpri Chinchwad,1
Nere,1
 Yojana Nagar,1
Panchod,1
 AWHO Vijay Vihar,1
 Dibanglachowk,1
Uruli Devachi,1
 B G Shirke company,1
 Sant Tukaram Nagar,1
 sant nagar,1
Handball stedium,1
 Anand Nagar Colony,1
 Pashan Sus Road,1
 Gangadham,1
Famous Chowk,1
Bhandarkar House,1
 wakad,1
